# code;name;emoji
AFGHANISTAN;Afeganistão;🇦🇫
ALBANIA;Albânia;🇦🇱
ALGERIA;Argélia;🇩🇿
ANDORRA;Andorra;🇦🇩
ANGOLA;Angola;🇦🇴
ANTIGUA_AND_BARBUDA;Antígua e Barbuda;🇦🇬
ARGENTINA;Argentina;🇦🇷
ARMENIA;Armênia;🇦🇲
AUSTRALIA;Austrália;🇦🇺
AUSTRIA;Áustria;🇦🇹
AZERBAIJAN;Azerbaijão;🇦🇿
BAHAMAS;Bahamas;🇧🇸
BAHRAIN;Bahrein;🇧🇭
BANGLADESH;Bangladesh;🇧🇩
BARBADOS;Barbados;🇧🇧
BELARUS;Belarus;🇧🇾
BELGIUM;Bélgica;🇧🇪
BELIZE;Belize;🇧🇿
BENIN;Benin;🇧🇯
BHUTAN;Butão;🇧🇹
BOLIVIA;Bolívia;🇧🇴
BOSNIA_AND_HERZEGOVINA;Bósnia e Herzegovina;🇧🇦
BOTSWANA;Botsuana;🇧🇼
BRAZIL;Brasil;🇧🇷
BRUNEI;Brunei;🇧🇳
BULGARIA;Bulgária;🇧🇬
BURKINA_FASO;Burkina Faso;🇧🇫
BURUNDI;Burundi;🇧🇮
CAMBODIA;Camboja;🇰🇭
CAMEROON;Camarões;🇨🇲
CANADA;Canadá;🇨🇦
CAPE_VERDE;Cabo Verde;🇨🇻
CENTRAL_AFRICAN_REPUBLIC;República Centro-Africana;🇨🇫
CHAD;Chade;🇹🇩
CHILE;Chile;🇨🇱
CHINA;China;🇨🇳
COLOMBIA;Colômbia;🇨🇴
COMOROS;Comores;🇰🇲
CONGO;Congo;🇨🇬
COSTA_RICA;Costa Rica;🇨🇷
CROATIA;Croácia;🇭🇷
CUBA;Cuba;🇨🇺
CYPRUS;Chipre;🇨🇾
CZECHIA;Tchéquia;🇨🇿
DEMOCRATIC_REPUBLIC_OF_THE_CONGO;República Democrática do Congo;🇨🇩
DENMARK;Dinamarca;🇩🇰
DJIBOUTI;Djibuti;🇩🇯
DOMINICA;Dominica;🇩🇲
DOMINICAN_REPUBLIC;República Dominicana;🇩🇴
ECUADOR;Equador;🇪🇨
EGYPT;Egito;🇪🇬
EL_SALVADOR;El Salvador;🇸🇻
EQUATORIAL_GUINEA;Guiné Equatorial;🇬🇶
ERITREA;Eritreia;🇪🇷
ESTONIA;Estônia;🇪🇪
ESWATINI;Essuatíni;🇸🇿
ETHIOPIA;Etiópia;🇪🇹
FIJI;Fiji;🇫🇯
FINLAND;Finlândia;🇫🇮
FRANCE;França;🇫🇷
GABON;Gabão;🇬🇦
GAMBIA;Gâmbia;🇬🇲
GEORGIA;Geórgia;🇬🇪
GERMANY;Alemanha;🇩🇪
GHANA;Gana;🇬🇭
GREECE;Grécia;🇬🇷
GRENADA;Granada;🇬🇩
GUATEMALA;Guatemala;🇬🇹
GUINEA;Guiné;🇬🇳
GUINEA_BISSAU;Guiné-Bissau;🇬🇼
GUYANA;Guiana;🇬🇾
HAITI;Haiti;🇭🇹
HONDURAS;Honduras;🇭🇳
HUNGARY;Hungria;🇭🇺
ICELAND;Islândia;🇮🇸
INDIA;Índia;🇮🇳
INDONESIA;Indonésia;🇮🇩
IRAN;Irã;🇮🇷
IRAQ;Iraque;🇮🇶
IRELAND;Irlanda;🇮🇪
ISRAEL;Israel;🇮🇱
ITALY;Itália;🇮🇹
IVORY_COAST;Costa do Marfim;🇨🇮
JAMAICA;Jamaica;🇯🇲
JAPAN;Japão;🇯🇵
JORDAN;Jordânia;🇯🇴
KAZAKHSTAN;Cazaquistão;🇰🇿
KENYA;Quênia;🇰🇪
KIRIBATI;Kiribati;🇰🇮
KUWAIT;Kuwait;🇰🇼
KYRGYZSTAN;Quirguistão;🇰🇬
LAOS;Laos;🇱🇦
LATVIA;Letônia;🇱🇻
LEBANON;Líbano;🇱🇧
LESOTHO;Lesoto;🇱🇸
LIBERIA;Libéria;🇱🇷
LIBYA;Líbia;🇱🇾
LIECHTENSTEIN;Liechtenstein;🇱🇮
LITHUANIA;Lituânia;🇱🇹
LUXEMBOURG;Luxemburgo;🇱🇺
MADAGASCAR;Madagascar;🇲🇬
MALAWI;Malawi;🇲🇼
MALAYSIA;Malásia;🇲🇾
MALDIVES;Maldivas;🇲🇻
MALI;Mali;🇲🇱
MALTA;Malta;🇲🇹
MARSHALL_ISLANDS;Ilhas Marshall;🇲🇭
MAURITANIA;Mauritânia;🇲🇷
MAURITIUS;Maurício;🇲🇺
MEXICO;México;🇲🇽
MICRONESIA;Micronésia;🇫🇲
MOLDOVA;Moldávia;🇲🇩
MONACO;Mônaco;🇲🇨
MONGOLIA;Mongólia;🇲🇳
MONTENEGRO;Montenegro;🇲🇪
MOROCCO;Marrocos;🇲🇦
MOZAMBIQUE;Moçambique;🇲🇿
MYANMAR;Myanmar;🇲🇲
NAMIBIA;Namíbia;🇳🇦
NAURU;Nauru;🇳🇷
NEPAL;Nepal;🇳🇵
NETHERLANDS;Holanda;🇳🇱
NEW_ZEALAND;Nova Zelândia;🇳🇿
NICARAGUA;Nicarágua;🇳🇮
NIGER;Níger;🇳🇪
NIGERIA;Nigéria;🇳🇬
NORTH_KOREA;Coreia do Norte;🇰🇵
NORTH_MACEDONIA;Macedônia do Norte;🇲🇰
NORWAY;Noruega;🇳🇴
OMAN;Omã;🇴🇲
PAKISTAN;Paquistão;🇵🇰
PALAU;Palau;🇵🇼
PALESTINE;Palestina;🇵🇸
PANAMA;Panamá;🇵🇦
PAPUA_NEW_GUINEA;Papua-Nova Guiné;🇵🇬
PARAGUAY;Paraguai;🇵🇾
PERU;Peru;🇵🇪
PHILIPPINES;Filipinas;🇵🇭
POLAND;Polônia;🇵🇱
PORTUGAL;Portugal;🇵🇹
QATAR;Catar;🇶🇦
ROMANIA;Romênia;🇷🇴
RUSSIA;Rússia;🇷🇺
RWANDA;Ruanda;🇷🇼
SAINT_KITTS_AND_NEVIS;São Cristóvão e Névis;🇰🇳
SAINT_LUCIA;Santa Lúcia;🇱🇨
SAINT_VINCENT_AND_THE_GRENADINES;São Vicente e Granadinas;🇻🇨
SAMOA;Samoa;🇼🇸
SAN_MARINO;San Marino;🇸🇲
SAO_TOME_AND_PRINCIPE;São Tomé e Príncipe;🇸🇹
SAUDI_ARABIA;Arábia Saudita;🇸🇦
SENEGAL;Senegal;🇸🇳
SERBIA;Sérvia;🇷🇸
SEYCHELLES;Seicheles;🇸🇨
SIERRA_LEONE;Serra Leoa;🇸🇱
SINGAPORE;Singapura;🇸🇬
SLOVAKIA;Eslováquia;🇸🇰
SLOVENIA;Eslovênia;🇸🇮
SOLOMON_ISLANDS;Ilhas Salomão;🇸🇧
SOMALIA;Somália;🇸🇴
SOUTH_AFRICA;África do Sul;🇿🇦
SOUTH_KOREA;Coreia do Sul;🇰🇷
SOUTH_SUDAN;Sudão do Sul;🇸🇸
SPAIN;Espanha;🇪🇸
SRI_LANKA;Sri Lanka;🇱🇰
SUDAN;Sudão;🇸🇩
SURINAME;Suriname;🇸🇷
SWEDEN;Suécia;🇸🇪
SWITZERLAND;Suíça;🇨🇭
SYRIA;Síria;🇸🇾
TAJIKISTAN;Tajiquistão;🇹🇯
TANZANIA;Tanzânia;🇹🇿
THAILAND;Tailândia;🇹🇭
TIMOR_LESTE;Timor-Leste;🇹🇱
TOGO;Togo;🇹🇬
TONGA;Tonga;🇹🇴
TRINIDAD_AND_TOBAGO;Trinidad e Tobago;🇹🇹
TUNISIA;Tunísia;🇹🇳
TURKEY;Turquia;🇹🇷
TURKMENISTAN;Turcomenistão;🇹🇲
TUVALU;Tuvalu;🇹🇻
UGANDA;Uganda;🇺🇬
UKRAINE;Ucrânia;🇺🇦
UNITED_ARAB_EMIRATES;Emirados Árabes Unidos;🇦🇪
UNITED_KINGDOM;Reino Unido;🇬🇧
UNITED_STATES;Estados Unidos;🇺🇸
URUGUAY;Uruguai;🇺🇾
UZBEKISTAN;Uzbequistão;🇺🇿
VANUATU;Vanuatu;🇻🇺
VATICAN_CITY;Vaticano;🇻🇦
VENEZUELA;Venezuela;🇻🇪
VIETNAM;Vietnã;🇻🇳
YEMEN;Iêmen;🇾🇪
ZAMBIA;Zâmbia;🇿🇲
ZIMBABWE;Zimbábue;🇿🇼
BRAZIL_ACRE;Acre;BR-AC
BRAZIL_ALAGOAS;Alagoas;BR-AL
BRAZIL_AMAPA;Amapá;BR-AP
BRAZIL_AMAZONAS;Amazonas;BR-AM
BRAZIL_BAHIA;Bahia;BR-BA
BRAZIL_CEARA;Ceará;BR-CE
BRAZIL_DISTRITO_FEDERAL;Distrito Federal;BR-DF
BRAZIL_ESPIRITO_SANTO;Espírito Santo;BR-ES
BRAZIL_GOIAS;Goiás;BR-GO
BRAZIL_MARANHAO;Maranhão;BR-MA
BRAZIL_MATO_GROSSO;Mato Grosso;BR-MT
BRAZIL_MATO_GROSSO_DO_SUL;Mato Grosso do Sul;BR-MS
BRAZIL_MINAS_GERAIS;Minas Gerais;BR-MG
BRAZIL_PARA;Pará;BR-PA
BRAZIL_PARAIBA;Paraíba;BR-PB
BRAZIL_PARANA;Paraná;BR-PR
BRAZIL_PERNAMBUCO;Pernambuco;BR-PE
BRAZIL_PIAUI;Piauí;BR-PI
BRAZIL_RIO_DE_JANEIRO;Rio de Janeiro;BR-RJ
BRAZIL_RIO_GRANDE_DO_NORTE;Rio Grande do Norte;BR-RN
BRAZIL_RIO_GRANDE_DO_SUL;Rio Grande do Sul;BR-RS
BRAZIL_RONDONIA;Rondônia;BR-RO
BRAZIL_RORAIMA;Roraima;BR-RR
BRAZIL_SANTA_CATARINA;Santa Catarina;BR-SC
BRAZIL_SAO_PAULO;São Paulo;BR-SP
BRAZIL_SERGIPE;Sergipe;BR-SE
BRAZIL_TOCANTINS;Tocantins;BR-TO
